ID,DEF_Potential_Score_Final
TRAIN_0000,0.000690087787495951
TRAIN_0003,0.00060106646875
TRAIN_0009,0.0009862333676268862
TRAIN_0012,0.0008994249375
TRAIN_0017,0.0011144871827846368
TRAIN_0028,0.0008553520556932498
TRAIN_0034,0.0008640881344307272
TRAIN_0042,0.0009156968581425863
TRAIN_0044,0.000836145375
TRAIN_0048,0.0006930044541626176
TRAIN_0052,0.0009337396850852893
TRAIN_0060,0.0008748978437500001
TRAIN_0064,0.000752402386351366
TRAIN_0072,0.0006775566250000002
TRAIN_0079,0.0008207693176847939
TRAIN_0088,0.001024740783607682
TRAIN_0094,0.0008886686875000001
TRAIN_0096,0.001219263891715856
TRAIN_0100,0.000827422125
TRAIN_0103,0.0009183634276133548
TRAIN_0104,0.0006628645124716555
TRAIN_0115,0.0008189830514652281
TRAIN_0118,0.0007735021140107888
TRAIN_0119,0.0012056331671076734
TRAIN_0124,0.0009620459615104241
TRAIN_0126,0.00071877215625
TRAIN_0134,0.0009108487024347572
TRAIN_0138,0.0005533211316272542
TRAIN_0143,0.0007994436076017709
TRAIN_0146,0.0009809506920415224
TRAIN_0157,0.0012602205810546875
TRAIN_0161,0.0007418437187500001
TRAIN_0165,0.0006627997246517655
TRAIN_0167,0.0008093468437500001
TRAIN_0173,0.0008201233415949849
TRAIN_0175,0.0006665001079796997
TRAIN_0181,0.0008747920312500001
TRAIN_0185,0.0009523793555911941
TRAIN_0188,0.0007246378360868158
TRAIN_0195,0.0006347739444984344
TRAIN_0201,0.0007527026875000001
TRAIN_0207,0.0007439050937500002
TRAIN_0219,0.000799163
TRAIN_0220,0.0007964593125000002
TRAIN_0224,0.0008523297325102882
TRAIN_0248,0.0008148438912377897
TRAIN_0252,0.0008176842943526618
TRAIN_0254,0.0009236790552126201
TRAIN_0259,0.0006583657002483533
TRAIN_0273,0.00081019453125
TRAIN_0275,0.0010779741215920689
TRAIN_0276,0.0009089982140253682
TRAIN_0286,0.00079036809375
TRAIN_0293,0.0007375957779937374
TRAIN_0301,0.0007628554375000001
TRAIN_0309,0.0007123426465824426
TRAIN_0315,0.0010078425925925927
TRAIN_0328,0.0006860573334305293
TRAIN_0331,0.0005971269841269841
TRAIN_0332,0.0008595555312500001
TRAIN_0341,0.0006445086113810605
TRAIN_0349,0.0010131266219565534
TRAIN_0350,0.0006256147554259799
TRAIN_0353,0.0010881345410136373
TRAIN_0358,0.0007049651495518843
TRAIN_0361,0.0009654609200081417
TRAIN_0365,0.000832586875
TRAIN_0375,0.0008341394518151335
TRAIN_0379,0.001028113026680274
TRAIN_0382,0.0008097690044271677
TRAIN_0383,0.001141899806635457
TRAIN_0384,0.0006767312655220819
TRAIN_0389,0.0008863635005102787
TRAIN_0393,0.0007115445937500002
TRAIN_0403,0.0005213797915991793
TRAIN_0404,0.0006349750566893425
TRAIN_0416,0.0006625596296836274
TRAIN_0418,0.0007172092106683945
TRAIN_0428,0.0013813986871565238
TRAIN_0440,0.0006755767604607087
TRAIN_0442,0.0008413850498676981
TRAIN_0443,0.0007247893750000002
TRAIN_0445,0.0007672683750000001
TRAIN_0451,0.0006650896562500001
TRAIN_0457,0.0008388443072702333
TRAIN_0460,0.0006587271892884138
TRAIN_0464,0.0008906306312873597
TRAIN_0468,0.00066151325
TRAIN_0469,0.0007033530666234748
TRAIN_0475,0.0006889190422200628
TRAIN_0492,0.000775819361422948
TRAIN_0495,0.0006836168340352015
TRAIN_0498,0.0010186555058009365
TRAIN_0514,0.0005161717417125582
TRAIN_0519,0.0007251118238810324
TRAIN_0522,0.0008986555620352824
TRAIN_0530,0.0007243650312499999
TRAIN_0536,0.0006085719684699279
TRAIN_0537,0.0008022597812500002
TRAIN_0547,0.000688385375
TRAIN_0553,0.0006964827232480294
TRAIN_0575,0.001097687285665295
TRAIN_0577,0.0006268661861570026
TRAIN_0578,0.0008204759440151627
TRAIN_0592,0.00075945665625
TRAIN_0597,0.0007548349260339056
TRAIN_0617,0.0010591277154104097
TRAIN_0619,0.00071971346875
TRAIN_0624,0.0006213401630493469
TRAIN_0629,0.0011208496227709192
TRAIN_0631,0.0006898680758017494
TRAIN_0641,0.0007534981562500001
TRAIN_0644,0.0005248033689666343
TRAIN_0647,0.0007691392812500002
TRAIN_0648,0.0006971522243818163
TRAIN_0654,0.0007289960317460318
TRAIN_0679,0.0006702324532987799
TRAIN_0689,0.0006576402187500001
TRAIN_0699,0.0007360001875000001
TRAIN_0711,0.0005313874851527913
TRAIN_0718,0.0008197153750000001
TRAIN_0721,0.0008476002812500001
TRAIN_0722,0.0008991716820987654
TRAIN_0726,0.00070865165625
TRAIN_0727,0.0007426635077999709
TRAIN_0730,0.0007349786875000001
TRAIN_0733,0.00067771768707483
TRAIN_0756,0.0008394520000000001
TRAIN_0767,0.0008916242163580697
TRAIN_0772,0.0006167725625000002
TRAIN_0773,0.0007287442187499999
TRAIN_0774,0.0007956074398013174
TRAIN_0781,0.000696802424144261
TRAIN_0804,0.0008620997085048011
TRAIN_0809,0.0005616836464744628
TRAIN_0817,0.0005811754687499999
TRAIN_0823,0.0009196604096807114
TRAIN_0832,0.0008282710476680386
TRAIN_0838,0.0006585210560414641
TRAIN_0842,0.0006107751875
TRAIN_0860,0.0010272908437500001
TRAIN_0873,0.0006843515009178277
TRAIN_0881,0.0007820926884385481
TRAIN_0882,0.00084027209375
TRAIN_0889,0.0006371093564409891
TRAIN_0891,0.0006807904383975813
TRAIN_0894,0.0008217949375000001
TRAIN_0895,0.0007955017187500001
TRAIN_0897,0.0006833225937499999
TRAIN_0904,0.0009332510934538564
TRAIN_0909,0.0007115476875000001
TRAIN_0914,0.0007997478437500001
TRAIN_0927,0.0005826282798833818
TRAIN_0931,0.0006832466526293058
TRAIN_0932,0.0007985068887592943
TRAIN_0936,0.0009994812671467765
TRAIN_0937,0.0008407062618457501
TRAIN_0941,0.0005914571590540979
TRAIN_0948,0.001160019890260631
TRAIN_0952,0.0007806452106721096
TRAIN_0972,0.0009613512945816187
TRAIN_0978,0.001162838489721148
TRAIN_0992,0.0009830258058984912
TRAIN_0993,0.0006251054375
TRAIN_0994,0.00060805109375
TRAIN_1005,0.000671327151495519
TRAIN_1015,0.0008143752369150024
TRAIN_1016,0.0007328087500000001
TRAIN_1020,0.0010489570044581618
TRAIN_1024,0.0007439917187500001
TRAIN_1025,0.0007525700312500001
TRAIN_1030,0.0009538413494513034
TRAIN_1040,0.0007981399620935998
TRAIN_1041,0.0008515643315352093
TRAIN_1049,0.0006029256559766764
TRAIN_1052,0.0006619065
TRAIN_1053,0.000845462749671964
TRAIN_1055,0.0008506825274348423
TRAIN_1058,0.0006934969495734802
TRAIN_1061,0.0007212292500000002
TRAIN_1062,0.0008330894062500002
TRAIN_1070,0.0006752852013821401
TRAIN_1084,0.0009759928840877917
TRAIN_1088,0.0007698102812500003
TRAIN_1089,0.0006377931108951518
TRAIN_1093,0.00070709671875
TRAIN_1102,0.0007371550000000001
TRAIN_1105,0.0006811930946981966
TRAIN_1106,0.0008386350779997085
TRAIN_1111,0.0007322550000000002
TRAIN_1118,0.0008509276498031784
TRAIN_1121,0.0008544737206589883
TRAIN_1126,0.0006840185185185186
TRAIN_1130,0.0007353072832307526
TRAIN_1138,0.0011136766975308645
TRAIN_1140,0.0009525647324682899
TRAIN_1141,0.0007702103125000001
TRAIN_1147,0.0008538820527773729
TRAIN_1161,0.0007645385312500001
TRAIN_1163,0.0007354418750000001
TRAIN_1165,0.0008096107187500002
TRAIN_1167,0.0008546616489284154
TRAIN_1168,0.0006745384137782097
TRAIN_1170,0.0009172396486368274
TRAIN_1172,0.0007651172547018516
TRAIN_1173,0.0007864278750000002
TRAIN_1174,0.0008941954731010352
TRAIN_1177,0.0008120572273662552
TRAIN_1184,0.0008532187272197114
TRAIN_1185,0.0007265010528020733
TRAIN_1209,0.0005744874473598965
TRAIN_1211,0.0008900033897069545
TRAIN_1213,0.0011002942386831279
TRAIN_1218,0.0006702673577367456
TRAIN_1220,0.0006067708670769896
TRAIN_1223,0.0007591090312500001
TRAIN_1236,0.00048144973544973546
TRAIN_1238,0.0007362446010150093
TRAIN_1246,0.0007058715851419934
TRAIN_1247,0.0006924669412450794
TRAIN_1259,0.000633772972681136
TRAIN_1262,0.0006740865727243278
TRAIN_1272,0.0006308986340567974
TRAIN_1275,0.0010413388203017837
TRAIN_1278,0.0007210426447003936
TRAIN_1279,0.0008289421198425427
TRAIN_1294,0.0008099731739320602
TRAIN_1306,0.0007664007508383146
TRAIN_1314,0.00099376577447588
TRAIN_1316,0.0008353713004811196
TRAIN_1339,0.0007333671875
TRAIN_1345,0.0008277368421052634
TRAIN_1358,0.0008628769864411723
TRAIN_1360,0.0008874882271468145
TRAIN_1371,0.0006433943148688047
TRAIN_1379,0.0007402952164992983
TRAIN_1384,0.0006285233506100855
TRAIN_1386,0.0006436357304826694
TRAIN_1388,0.0009573399348422497
TRAIN_1390,0.0009621915002186908
TRAIN_1401,0.0005941668286362164
TRAIN_1404,0.0006620769687500001
TRAIN_1405,0.0007803302289169637
TRAIN_1414,0.0009534757801783267
TRAIN_1419,0.0008931230281207136
TRAIN_1420,0.0010806031378600824
TRAIN_1431,0.0008523673437500001
TRAIN_1439,0.0007559327812500001
TRAIN_1440,0.0011610877773254632
TRAIN_1441,0.0006694670122017061
TRAIN_1445,0.0006537407677356657
TRAIN_1450,0.0008055615979005687
TRAIN_1456,0.0008942248505613063
TRAIN_1458,0.000963686599794239
TRAIN_1459,0.000777033500701868
TRAIN_1469,0.0007312105874095672
TRAIN_1482,0.0009357334962277093
TRAIN_1497,0.000829490375
TRAIN_1498,0.0007717351875000002
TRAIN_1502,0.0006900639239822914
TRAIN_1504,0.0009719224965706448
TRAIN_1508,0.0007943723409998921
TRAIN_1519,0.0006399499514091353
TRAIN_1520,0.0006810638160025916
TRAIN_1522,0.0007713118750000001
TRAIN_1533,0.00083684925
TRAIN_1534,0.0005468797646042545
TRAIN_1536,0.00069450490625
TRAIN_1540,0.0010415272205075445
TRAIN_1543,0.0007587222187500001
TRAIN_1547,0.0008377700831024931
TRAIN_1552,0.0007325288750000001
TRAIN_1553,0.0007417745312500001
TRAIN_1561,0.0009020101326724013
TRAIN_1563,0.0009197894372357487
TRAIN_1569,0.0015382738037109374
TRAIN_1579,0.0007330166828636216
TRAIN_1585,0.0010657669448402198
TRAIN_1588,0.0008656299023181224
TRAIN_1590,0.0009218682698902608
TRAIN_1593,0.0007374210668394341
TRAIN_1594,0.0006981612136918259
TRAIN_1597,0.001013968878600823
TRAIN_1611,0.0009182070901920441
TRAIN_1614,0.0012739494628906253
TRAIN_1616,0.0007288726855226708
TRAIN_1626,0.0006747398125000002
TRAIN_1630,0.0006385472141237447
TRAIN_1636,0.0009314259375000001
TRAIN_1637,0.0009969821402536815
TRAIN_1642,0.0007917296253098122
TRAIN_1646,0.0007304775477474852
TRAIN_1649,0.0009660232541186764
TRAIN_1652,0.0006457703811683404
TRAIN_1663,0.00071735925
TRAIN_1668,0.0010873842592592593
TRAIN_1670,0.0007438926228313165
TRAIN_1672,0.0007755782042975922
TRAIN_1676,0.0006233245059928733
TRAIN_1680,0.0009292309687500001
TRAIN_1700,0.0008738020484035574
TRAIN_1701,0.0008584070625
TRAIN_1703,0.0007282395799589678
TRAIN_1704,0.0009832605024005488
TRAIN_1711,0.0005596270381168341
TRAIN_1714,0.0009362243402828401
TRAIN_1716,0.0008132186178743257
TRAIN_1717,0.0006833959615592268
TRAIN_1730,0.0009637495713305899
TRAIN_1732,0.0012831429371056385
TRAIN_1740,0.0009198836162551441
TRAIN_1741,0.0007580640319619911
TRAIN_1746,0.0007106014199330527
TRAIN_1749,0.0007011582982399309
TRAIN_1750,0.0007654077043515819
TRAIN_1751,0.0006484403749999999
TRAIN_1757,0.0007682824062500001
TRAIN_1762,0.0006507269999999999
TRAIN_1764,0.00074363590625
TRAIN_1766,0.0007248165424900119
TRAIN_1770,0.0007172962962962964
TRAIN_1771,0.0008573348125
TRAIN_1774,0.0009596461334019203
TRAIN_1777,0.0008728149147105993
TRAIN_1779,0.0006721639687500001
TRAIN_1787,0.001184414614288622
TRAIN_1788,0.0007687474850561305
TRAIN_1792,0.00072792146875
TRAIN_1799,0.000801700375
TRAIN_1803,0.0006900782042975922
TRAIN_1805,0.0007026257963502862
TRAIN_1816,0.0008952535625000003
TRAIN_1824,0.00071764590625
TRAIN_1831,0.0009885585991083678
TRAIN_1833,0.000995204711988602
TRAIN_1835,0.0008433757187500002
TRAIN_1837,0.0006436398067163373
TRAIN_1848,0.0005554456052262176
TRAIN_1850,0.0009744706790123458
TRAIN_1851,0.001030595979080933
TRAIN_1853,0.0006031321941475004
TRAIN_1856,0.0012124413800122125
TRAIN_1857,0.0008468267604607087
TRAIN_1866,0.00083776807843709
TRAIN_1878,0.000805234125
TRAIN_1881,0.0010255360082304526
TRAIN_1889,0.0007026130277507829
TRAIN_1891,0.0007047937187500001
TRAIN_1893,0.0006047845535039413
TRAIN_1902,0.0007038177500000001
TRAIN_1914,0.0007524604524349423
TRAIN_1916,0.0007145527210884355
TRAIN_1917,0.0010460933238347243
TRAIN_1920,0.0009158566846479079
TRAIN_1936,0.000638587733506101
TRAIN_1943,0.0007222887811634351
TRAIN_1945,0.0007280257690625456
TRAIN_1948,0.0008397254337366962
TRAIN_1952,0.0007805528290681352
TRAIN_1954,0.0007459127812500001
TRAIN_1971,0.0009461995000000002
TRAIN_1976,0.0010401160883510717
TRAIN_1980,0.0009198975069252079
TRAIN_1997,0.0006069027912752402
TRAIN_2012,0.0007001862649821833
TRAIN_2013,0.0010728285751028807
TRAIN_2025,0.0008932906400349906
TRAIN_2034,0.0006216351905841702
TRAIN_2052,0.0005893239660943742
TRAIN_2071,0.0006613437187500001
TRAIN_2073,0.0005667616875
TRAIN_2078,0.0006998751214771625
TRAIN_2079,0.000608315327718389
TRAIN_2081,0.000669108125
TRAIN_2088,0.0007247153739612188
TRAIN_2103,0.0006529679030342296
TRAIN_2112,0.0006266384687500001
TRAIN_2114,0.000652742387431163
TRAIN_2119,0.001042445173182442
TRAIN_2121,0.0007061337868480727
TRAIN_2122,0.0008751350000000001
TRAIN_2136,0.0006500054259799159
TRAIN_2151,0.0006010784202569916
TRAIN_2153,0.0008625544687500002
TRAIN_2157,0.0007927596875000002
TRAIN_2172,0.0009529266875
TRAIN_2186,0.0004922068351149984
TRAIN_2192,0.0006882350178166505
TRAIN_2193,0.0006188773890508586
TRAIN_2199,0.0008877395404663925
TRAIN_2201,0.0011028928755144034
TRAIN_2202,0.0007609113125000001
TRAIN_2209,0.0010624931412894377
TRAIN_2211,0.0008691727292608253
TRAIN_2212,0.0007817404869514506
TRAIN_2220,0.0011282088477366256
TRAIN_2223,0.0007226414564805365
TRAIN_2232,0.0007581182812500002
TRAIN_2243,0.0008683940312500001
TRAIN_2245,0.00077853221875
TRAIN_2250,0.0007692664018078438
TRAIN_2272,0.0007857566875000002
TRAIN_2279,0.00068236909375
TRAIN_2286,0.0010563751780989215
TRAIN_2291,0.00064820940625
TRAIN_2296,0.0009073794152949247
TRAIN_2297,0.0007203444822373395
TRAIN_2298,0.0007644752229080933
TRAIN_2302,0.0009850887520046652
TRAIN_2317,0.0006253635136594319
TRAIN_2322,0.0007286955312500001
TRAIN_2327,0.0006088063923982292
TRAIN_2331,0.0012472039995929168
TRAIN_2339,0.0006873424306230429
TRAIN_2343,0.00118285553633218
TRAIN_2349,0.0010584107978831674
TRAIN_2356,0.0010578007727073918
TRAIN_2362,0.000743428274484397
TRAIN_2365,0.0007852337075375421
TRAIN_2370,0.0007052875937500002
TRAIN_2371,0.0010439564805365216
TRAIN_2377,0.0008721444187242798
TRAIN_2380,0.001079772976680384
TRAIN_2381,0.0008378672182533899
TRAIN_2383,0.000885198388977985
TRAIN_2393,0.0007235978437500001
TRAIN_2398,0.0007075470312500001
TRAIN_2411,0.0008363679836710893
TRAIN_2412,0.0007835464062500001
TRAIN_2421,0.000936778284006415
TRAIN_2424,0.0007928485201924479
TRAIN_2434,0.000803181841563786
TRAIN_2446,0.0006845769355361193
TRAIN_2448,0.00077237465625
TRAIN_2466,0.001156546509261144
TRAIN_2473,0.0007495735611705
TRAIN_2474,0.0006436483641075477
TRAIN_2482,0.0009805667866941018
TRAIN_2483,0.00077680728125
TRAIN_2484,0.0006409912536443148
TRAIN_2499,0.0007164081498760754
TRAIN_2501,0.0005857444390454594
TRAIN_2511,0.0008902365869660301
TRAIN_2514,0.0007374324062500001
TRAIN_2517,0.0007694226865349315
TRAIN_2518,0.0007225229260825193
TRAIN_2523,0.0007123313125000001
TRAIN_2526,0.0009171925154320989
TRAIN_2531,0.000590202299967606
TRAIN_2535,0.0007193543353849475
TRAIN_2543,0.0007784562142317247
TRAIN_2546,0.0009331927030179326
TRAIN_2547,0.0008975221875000002
TRAIN_2553,0.0007525121875
TRAIN_2564,0.0007216682187500001
TRAIN_2569,0.0006103428625418422
TRAIN_2588,0.0006511826746571645
TRAIN_2592,0.0009392517146776406
TRAIN_2596,0.0008253076614666861
TRAIN_2599,0.0007429159375000001
TRAIN_2602,0.0006220030504265199
TRAIN_2606,0.0007085075625000001
TRAIN_2607,0.0006684449375000001
TRAIN_2609,0.0006332120721304395
TRAIN_2610,0.0007857025805511007
TRAIN_2620,0.000872712962962963
TRAIN_2623,0.0008004879375000001
TRAIN_2624,0.0006661996544649607
TRAIN_2627,0.00084210613792098
TRAIN_2633,0.0009726090537979299
TRAIN_2635,0.0009469919813383876
TRAIN_2648,0.0007280982500000001
TRAIN_2655,0.0007721618750000001
TRAIN_2656,0.0005859747327502429
TRAIN_2663,0.0007106209102688695
TRAIN_2665,0.0008896874544394225
TRAIN_2666,0.0008432049132526606
TRAIN_2673,0.0007878171745152356
TRAIN_2677,0.0006810616564085953
TRAIN_2678,0.0007195169375000002
TRAIN_2688,0.0006207449789439586
TRAIN_2690,0.0012432977305108894
TRAIN_2696,0.001047784550754458
TRAIN_2712,0.0007915445035719492
TRAIN_2717,0.0007432034687500002
TRAIN_2724,0.0009501507500000001
TRAIN_2727,0.0006584687128819783
TRAIN_2735,0.0007941793437500001
TRAIN_2743,0.0007580523161645612
TRAIN_2744,0.0007110849687500001
TRAIN_2748,0.0006391307904114028
TRAIN_2750,0.0008834443158436215
TRAIN_2756,0.0005369163427275672
TRAIN_2758,0.0006637602500000001
TRAIN_2762,0.0009093873742528067
TRAIN_2763,0.0006701505776913941
TRAIN_2773,0.0009095405671380667
TRAIN_2774,0.0007678363750000002
TRAIN_2777,0.0007873781875000002
TRAIN_2783,0.0007727568158623707
TRAIN_2785,0.0009847746913580248
TRAIN_2788,0.0009037740483539096
TRAIN_2793,0.0006554783500701868
TRAIN_2810,0.0010282745298148418
TRAIN_2812,0.0008768882854643534
TRAIN_2826,0.0007240841250000001
TRAIN_2828,0.0007594684062500001
TRAIN_2835,0.0008362616250000001
TRAIN_2838,0.0008347525513923313
TRAIN_2839,0.0006874031152143398
TRAIN_2841,0.0012502380419295745
TRAIN_2843,0.0009796378600823046
TRAIN_2847,0.0006822917341539792
TRAIN_2848,0.0009901459190672153
TRAIN_2856,0.000676413625
TRAIN_2857,0.0006841614026563006
TRAIN_2863,0.0007620053449951409
TRAIN_2866,0.00063497921875
TRAIN_2884,0.0007393091458805745
TRAIN_2886,0.000839706553433445
TRAIN_2899,0.0006602753212396071
TRAIN_2901,0.0006743655922686535
TRAIN_2909,0.0007676309793758774
TRAIN_2911,0.0008491936506779416
TRAIN_2922,0.0008995850342615543
TRAIN_2934,0.000841540125
TRAIN_2956,0.000838437928269427
TRAIN_2960,0.0005741204375000001
TRAIN_2981,0.0009075800754458164
TRAIN_2987,0.0007629378189240413
TRAIN_2997,0.0007084675937500001
TRAIN_2999,0.00076985753125
TRAIN_3000,0.0009465192043895747
TRAIN_3001,0.0007695114448170289
TRAIN_0002,0.0008989358710562415
TRAIN_0005,0.0007552373971193416
TRAIN_0008,0.0005356609564076397
TRAIN_0018,0.00065394708994709
TRAIN_0031,0.0009390300068587106
TRAIN_0037,0.0006702245954220734
TRAIN_0038,0.0005800725623582766
TRAIN_0053,0.0006593658332118385
TRAIN_0071,0.0005570774754346184
TRAIN_0074,0.0007400773458172197
TRAIN_0113,0.0005576270111219092
TRAIN_0117,0.00048834553125
TRAIN_0132,0.0005640018626498219
TRAIN_0140,0.0005672955944282475
TRAIN_0145,0.000545974651765468
TRAIN_0156,0.0006208114134542706
TRAIN_0174,0.0006536307041842835
TRAIN_0206,0.0005112727027318866
TRAIN_0212,0.0006807706662778832
TRAIN_0247,0.0006959302740924333
TRAIN_0253,0.0008231061379209797
TRAIN_0264,0.0006646233128171905
TRAIN_0269,0.0005841538170823886
TRAIN_0271,0.00055611170499946
TRAIN_0272,0.0006867150312500002
TRAIN_0289,0.0005657779397473274
TRAIN_0303,0.0006068495302883058
TRAIN_0305,0.0008039839710970894
TRAIN_0344,0.0006174095937500001
TRAIN_0390,0.0005296461235287767
TRAIN_0402,0.0006305925116078179
TRAIN_0410,0.0007686344948243184
TRAIN_0424,0.0005914449992710308
TRAIN_0430,0.0006238295000000002
TRAIN_0432,0.0005274876875000001
TRAIN_0437,0.00053995375
TRAIN_0450,0.0005926649119965447
TRAIN_0467,0.0006750689375
TRAIN_0472,0.0005886791653169204
TRAIN_0477,0.0008127908950617285
TRAIN_0505,0.00065235178125
TRAIN_0508,0.00045135812499999995
TRAIN_0526,0.0007139763437500001
TRAIN_0554,0.0007614239552964044
TRAIN_0558,0.0007997950102880658
TRAIN_0566,0.0008516821416323732
TRAIN_0572,0.0007114366875000001
TRAIN_0573,0.0006147691562500001
TRAIN_0604,0.0007047436215191718
TRAIN_0609,0.0010625982088337065
TRAIN_0636,0.0005016200464312709
TRAIN_0646,0.0006233781449087571
TRAIN_0668,0.0007069638066773584
TRAIN_0701,0.0004990350934024404
TRAIN_0703,0.0006142358546593243
TRAIN_0707,0.0005310429489256021
TRAIN_0712,0.00031572945686210994
TRAIN_0715,0.000604258800345535
TRAIN_0717,0.0006777851473922904
TRAIN_0732,0.0007177256159790059
TRAIN_0738,0.0008561141546639231
TRAIN_0751,0.0005344362379872584
TRAIN_0752,0.0010197332818930045
TRAIN_0777,0.0006747568125000001
TRAIN_0782,0.0007144413750000001
TRAIN_0797,0.0005805797700032394
TRAIN_0802,0.0006052005625000001
TRAIN_0803,0.00073892
TRAIN_0808,0.0006369988662131519
TRAIN_0830,0.0006040651387539144
TRAIN_0837,0.000759420438957476
TRAIN_0840,0.0010016887860082304
TRAIN_0844,0.0007745915209190673
TRAIN_0856,0.0005095777723787927
TRAIN_0862,0.0006426133124999999
TRAIN_0874,0.0006333410268869452
TRAIN_0878,0.0007258326875000001
TRAIN_0910,0.00071315003125
TRAIN_0921,0.0010056014146142887
TRAIN_0928,0.00054403231292517
TRAIN_0942,0.0007242457355299607
TRAIN_0957,0.0006030470251592702
TRAIN_0974,0.0006689109374999999
TRAIN_0977,0.0005486022837706511
TRAIN_0981,0.0006276957282402683
TRAIN_0997,0.0006254342943526617
TRAIN_1002,0.0006293108735557715
TRAIN_1003,0.0006101863974340285
TRAIN_1004,0.00066608228125
TRAIN_1021,0.0006968557098765431
TRAIN_1038,0.0005129070834683081
TRAIN_1039,0.0009208155912884185
TRAIN_1046,0.0007103876658405017
TRAIN_1057,0.0006192871990065869
TRAIN_1066,0.0007221524999999998
TRAIN_1071,0.00043743796874999997
TRAIN_1087,0.0006953170625000001
TRAIN_1099,0.0010122796661917362
TRAIN_1131,0.0005338973383003997
TRAIN_1133,0.0006468102187500003
TRAIN_1148,0.000616180625
TRAIN_1150,0.00078623909375
TRAIN_1166,0.0009316914273217671
TRAIN_1171,0.0006597676276859951
TRAIN_1179,0.000630242927329662
TRAIN_1194,0.00046339612352877665
TRAIN_1208,0.00043151106791923126
TRAIN_1214,0.0006042499730050751
TRAIN_1224,0.0006428675098410848
TRAIN_1254,0.0008893828181950723
TRAIN_1264,0.0006328068513119534
TRAIN_1270,0.0007852883437818926
TRAIN_1271,0.0005388086059820754
TRAIN_1286,0.0006745911940516111
TRAIN_1288,0.0007267736562500001
TRAIN_1297,0.0009065237911522633
TRAIN_1305,0.0007318594911794723
TRAIN_1321,0.0006885001079796998
TRAIN_1324,0.0006025191933916424
TRAIN_1343,0.0006879164062499999
TRAIN_1350,0.0007728404375000001
TRAIN_1359,0.0006335347154734909
TRAIN_1370,0.0007366430461073319
TRAIN_1395,0.00041717344239283017
TRAIN_1407,0.0005767716769247382
TRAIN_1409,0.000681791697040385
TRAIN_1411,0.0006377119371558148
TRAIN_1427,0.0009216095679012347
TRAIN_1435,0.0009290550071239569
TRAIN_1436,0.000830320816186557
TRAIN_1437,0.0006407777777777778
TRAIN_1444,0.0005324658437500001
TRAIN_1457,0.0008985857767489713
TRAIN_1466,0.00067022534375
TRAIN_1474,0.0007392955970258057
TRAIN_1488,0.0005819189072454379
TRAIN_1490,0.0006578901562499999
TRAIN_1493,0.000814613425925926
TRAIN_1495,0.0008665314214677643
TRAIN_1515,0.0009836620370370372
TRAIN_1531,0.0006964715937499998
TRAIN_1560,0.0005034569999999999
TRAIN_1589,0.000740032111094912
TRAIN_1599,0.0007448290625
TRAIN_1610,0.0011876431915326688
TRAIN_1622,0.0006282191448007776
TRAIN_1623,0.0007080344455242415
TRAIN_1629,0.0008375287578364192
TRAIN_1631,0.0006437988773873742
TRAIN_1641,0.000565354713313897
TRAIN_1659,0.00064549246875
TRAIN_1673,0.0006780283569033388
TRAIN_1688,0.0004765878414858007
TRAIN_1690,0.0007398383916323732
TRAIN_1691,0.0006168811875
TRAIN_1698,0.000525396474462801
TRAIN_1702,0.0005423344131303315
TRAIN_1727,0.00046127675197062953
TRAIN_1743,0.00077563725
TRAIN_1747,0.0007857112917334887
TRAIN_1763,0.0006740300937499999
TRAIN_1773,0.00054540696875
TRAIN_1794,0.0004220306932296728
TRAIN_1797,0.0007117884407731347
TRAIN_1807,0.0006769817028721387
TRAIN_1814,0.0009425421840016284
TRAIN_1829,0.0008334243398491083
TRAIN_1844,0.0007930883750000001
TRAIN_1868,0.0005676462812500001
TRAIN_1880,0.0005944132162122759
TRAIN_1882,0.0005878191791806385
TRAIN_1888,0.0007858980536521361
TRAIN_1890,0.0006403531206133247
TRAIN_1906,0.0009051237060796036
TRAIN_1909,0.0008208900462962963
TRAIN_1926,0.0005947822500000001
TRAIN_1929,0.0006955056562499999
TRAIN_1931,0.0005302413076341648
TRAIN_1935,0.0007735545268989651
TRAIN_1939,0.0007264391675171306
TRAIN_1946,0.0006987824026826068
TRAIN_1978,0.0006054710000000001
TRAIN_2005,0.00063008759375
TRAIN_2017,0.0006548695509549498
TRAIN_2021,0.00075065634375
TRAIN_2029,0.0004840939153439154
TRAIN_2037,0.0005098056635352555
TRAIN_2039,0.0005600985
TRAIN_2041,0.0005584726811359465
TRAIN_2046,0.0005234706835115
TRAIN_2089,0.0005631496868588707
TRAIN_2095,0.000845456875857339
TRAIN_2117,0.0005674004375
TRAIN_2132,0.0004885208670769895
TRAIN_2134,0.00069544259375
TRAIN_2156,0.000502828879170716
TRAIN_2167,0.0007564613124999999
TRAIN_2168,0.0005737643613000756
TRAIN_2169,0.0008083134002057614
TRAIN_2176,0.00062461765625
TRAIN_2181,0.000678438875
TRAIN_2194,0.0005048816542490012
TRAIN_2213,0.0006325998272324803
TRAIN_2217,0.0005148739067055394
TRAIN_2225,0.0005379704405571753
TRAIN_2229,0.0006766904999999998
TRAIN_2258,0.0005741809199870424
TRAIN_2260,0.000589951341303397
TRAIN_2275,0.0006293887592943579
TRAIN_2300,0.0005642807500000002
TRAIN_2301,0.0005196797862001944
TRAIN_2307,0.0007292934375000001
TRAIN_2313,0.0006362298750000002
TRAIN_2328,0.0006830051830255913
TRAIN_2340,0.0006553980625000001
TRAIN_2345,0.0006136348936399956
TRAIN_2348,0.0009342372256515775
TRAIN_2358,0.00057328265625
TRAIN_2399,0.0008864275404577927
TRAIN_2432,0.0008518477912232104
TRAIN_2436,0.0006412712989957889
TRAIN_2457,0.0008054791150313457
TRAIN_2459,0.0008515316372649074
TRAIN_2477,0.001078476379394531
TRAIN_2493,0.00058585725
TRAIN_2495,0.0006950607424554185
TRAIN_2510,0.0006776749526169999
TRAIN_2519,0.0006686333819241983
TRAIN_2540,0.0007528676562499999
TRAIN_2552,0.0005539064375000002
TRAIN_2555,0.000885034917626476
TRAIN_2603,0.000740038234436507
TRAIN_2617,0.0005413996868588706
TRAIN_2645,0.00070060240625
TRAIN_2647,0.0006007103750000001
TRAIN_2669,0.00049836565625
TRAIN_2679,0.0005533053935860058
TRAIN_2683,0.0005626698520678113
TRAIN_2686,0.0007130242500000001
TRAIN_2703,0.0009930526680274093
TRAIN_2723,0.0006979855
TRAIN_2731,0.0006569982500000001
TRAIN_2734,0.0005706701490119857
TRAIN_2823,0.0007267973750000002
TRAIN_2830,0.000668382818195072
TRAIN_2850,0.0006941852931648851
TRAIN_2900,0.00063299490625
TRAIN_2903,0.0007374959375
TRAIN_2904,0.0005455407623366806
TRAIN_2918,0.0006478293920742901
TRAIN_2931,0.0006912468125
TRAIN_2947,0.000596572427383652
TRAIN_2948,0.0008916344307270235
TRAIN_2950,0.00070952921875
TRAIN_2966,0.0005495654087031639
TRAIN_2977,0.0009989198554854468
TRAIN_3010,0.0005758890238635137
TRAIN_0027,0.0006012209870243475
TRAIN_0041,0.0004931192905733723
TRAIN_0057,0.0006061283608681569
TRAIN_0075,0.0007335857996792534
TRAIN_0099,0.0006290487528344672
TRAIN_0149,0.0005947086437749703
TRAIN_0164,0.0006349329985962639
TRAIN_0192,0.00042830296404276
TRAIN_0205,0.0006719853437500001
TRAIN_0242,0.0008621921198425427
TRAIN_0282,0.0009450840620713306
TRAIN_0297,0.0008250614521067211
TRAIN_0325,0.0007745755744170096
TRAIN_0335,0.0008611881430041153
TRAIN_0337,0.0006401635622502969
TRAIN_0340,0.000632613425925926
TRAIN_0347,0.0006597822812499999
TRAIN_0352,0.0005642281611057122
TRAIN_0401,0.0006836003671309794
TRAIN_0431,0.0006176127500000001
TRAIN_0462,0.0007220485625
TRAIN_0487,0.00074038365625
TRAIN_0551,0.0005678132491091675
TRAIN_0561,0.0006079178125
TRAIN_0562,0.0005331269031422092
TRAIN_0574,0.0009869632098514144
TRAIN_0626,0.00073435109375
TRAIN_0643,0.0006510147812500001
TRAIN_0649,0.0006272782096965772
TRAIN_0678,0.0006506360814166938
TRAIN_0723,0.0006912233437500001
TRAIN_0736,0.0006853194707683336
TRAIN_0794,0.0005285079635028615
TRAIN_0798,0.000801173225308642
TRAIN_0826,0.0006244024673361408
TRAIN_0834,0.001020821116255144
TRAIN_0893,0.0008036564355901092
TRAIN_0898,0.000594921822697333
TRAIN_0930,0.0005892539375
TRAIN_0945,0.000614043542813951
TRAIN_1028,0.0009033354766803842
TRAIN_1048,0.0005731266331929598
TRAIN_1103,0.00047080817406327613
TRAIN_1136,0.000561242360436238
TRAIN_1158,0.00067878596875
TRAIN_1164,0.000554796512255696
TRAIN_1181,0.0007752497856652951
TRAIN_1186,0.0005368774700356332
TRAIN_1193,0.00071149078125
TRAIN_1225,0.0006299462531044164
TRAIN_1226,0.0005836780585249973
TRAIN_1289,0.0007020263157894738
TRAIN_1295,0.0007444680212620029
TRAIN_1319,0.0005755971817298349
TRAIN_1348,0.00041924806823152063
TRAIN_1424,0.0006110800399524889
TRAIN_1460,0.0009568503460207613
TRAIN_1481,0.0008845220513194345
TRAIN_1486,0.0008527717764060357
TRAIN_1489,0.0007145238737425282
TRAIN_1525,0.0007786401078874471
TRAIN_1548,0.0006342821779505453
TRAIN_1558,0.000630560941828255
TRAIN_1598,0.0007807122393934976
TRAIN_1639,0.00044959942230860596
TRAIN_1769,0.0008082691250000001
TRAIN_1795,0.0008210357194926376
TRAIN_1860,0.0007040306249999999
TRAIN_1928,0.0005726548968793868
TRAIN_1957,0.0005460207321023648
TRAIN_1965,0.0005443914534067596
TRAIN_2000,0.0005232387161213692
TRAIN_2018,0.0004843045297484073
TRAIN_2019,0.0007823515818632453
TRAIN_2035,0.0006175886783284742
TRAIN_2050,0.0007183135661175098
TRAIN_2074,0.0005461167260555016
TRAIN_2090,0.0005543429435266171
TRAIN_2111,0.0008579596987583961
TRAIN_2135,0.0006086307500000001
TRAIN_2145,0.00074438190625
TRAIN_2148,0.0005932593402440342
TRAIN_2205,0.000600618858654573
TRAIN_2233,0.0008216391237789766
TRAIN_2237,0.0006018770111219092
TRAIN_2242,0.0006053406759529209
TRAIN_2249,0.0007355529406721538
TRAIN_2294,0.001029287614812655
TRAIN_2314,0.00065026853125
TRAIN_2325,0.0006150472187500002
TRAIN_2376,0.000652903574128064
TRAIN_2414,0.00056963535255372
TRAIN_2431,0.0005356684213367887
TRAIN_2450,0.00062244371875
TRAIN_2456,0.0008151196603003352
TRAIN_2497,0.0007870853909465019
TRAIN_2498,0.0008753250171467764
TRAIN_2515,0.000719371747111543
TRAIN_2527,0.001115827651129656
TRAIN_2549,0.00065726776266062
TRAIN_2557,0.0007048006250000001
TRAIN_2600,0.00062683053125
TRAIN_2612,0.0007674413544248433
TRAIN_2622,0.0006470980099139817
TRAIN_2662,0.000663297492345823
TRAIN_2706,0.0005595235935644101
TRAIN_2716,0.00068220684375
TRAIN_2725,0.0005953565489687938
TRAIN_2729,0.0008078879574281966
TRAIN_2732,0.0008253713991769548
TRAIN_2733,0.0006756027156894505
TRAIN_2737,0.0005333892938127632
TRAIN_2781,0.000590302370154411
TRAIN_2817,0.0007979759440151625
TRAIN_2883,0.000802406473246829
TRAIN_2895,0.0007523831875
TRAIN_2955,0.0008182191786694101
